C gene	Exons	Start motif	Stop codon motif
TRAC*01	EX1+EX2+EX3+EX4UTR	IQNPDPAVYQ	*DLQDCKTACA
TRBC1*01	EX1+EX2+EX3+EX4	DLNKVFPPEV	
TRBC1*02	EX1+EX2+EX3+EX4	DLNKVFPPEV	
TRBC1*03	EX1+EX2+EX3+EX4	DLNKVFPPEV	
TRBC2*01	EX1+EX2+EX3+EX4	DLKNVFPPEV	
TRBC2*02	EX1+EX2+EX3+EX4	DLKNVFPPEV	
TRBC2*03	EX1+EX2+EX3+EX4	DLKNVFPPKV	
TRGC1*01	EX1+EX2+EX3	KQLDADVSPK	
TRGC1*03	EX1+EX2+EX3	KQLDADVSPK	
TRGC1*04	EX1+EX2+EX3	KQLDADVSPK	
TRGC1*05	EX1+EX2+EX3	KQLDADVSPK	
TRGC2*01	EX1+EX2+EX3	KQLDADVSPK	*YTTAAAHKHL
TRGC2*02	EX1+EX2+EX3	KQLDADVSPK	
TRGC2*03	EX1+EX2+EX3	KQLDADVSPK	
TRGC2*04	EX1+EX2+EX3	KQLDADVSPK	
TRGC2*05	EX1+EX2+EX3	KQLDADVSPK	
TRGC2*06	EX1+EX2+EX3	KQLDADVSPK	
TRGC2*07	EX1+EX2+EX3	KQLDADVSPK	
TRGC2*08	EX1+EX2+EX3	KQLDADVSPK	
TRGC2*01_T	EX1+EX2T+EX2+EX3	KQLDADVSPK	*CHHNGSQRQL
TRGC2*05_T	EX1+EX2T+EX2+EX3	KQLDADVSPK	
TRGC2*05_TR	EX1+EX2T+EX2R+EX2+EX3	KQLDADVSPK	
TRDC*01	EX1+EX2+EX3+EX4UTR	SQPHTKPSVF	*G*LA*GSYTP
